URL,Title,Price,UPC,Description
https://www.walmart.com/sp/track?bt=1&eventST=click&plmt=sp-shop-middle~desktop~&pos=1&tax=&rdf=1&rd=https%3A%2F%2Fwww.walmart.com%2Fip%2FDirt-Devil-EV3420-Lidar-Robot-Vacuum%2F5136011934%3FclassType%3DREGULAR%26athbdg%3DL1600%26adsRedirect%3Dtrue&adUid=a0b50a1b-61ad-48ef-aefd-5cfb5e89df08&mloc=sp-shop-middle&pltfm=desktop&pgId=deals%2Fall-home%2Ffloor-care&pt=shop&spQs=B9Jc4rUQ2t-dCR36i8G5Dfe6VRUeg1xH5sTx0GuU3U8H4qTWqD89-MfVhWxxvefcEoO0lzsePWRCYvYpOMridAKTWWtzDTh1werBVZyBOTM6A0U9Ctty2nvECiMfeKD3QR2G-lXRu81woiG1inpWORq0LalvdVLWv1_FkpYnm0mLY_CfABXRXIcPcCU4gX4XN2UTE_gxBOGCrtwCz67v7du_EyYACHduL7UN7Wscj4A&storeId=3081&couponState=na&bkt=ace1_default%7Cace2_default%7Cace3_default%7Cbb_ctrl-10800%7Csearch_mltb_xe_rweb&classType=REGULAR&athbdg=L1600,N/A,N/A,N/A,N/A
https://www.walmart.com/ip/BISSELL-Little-Green-Portable-Carpet-Cleaner-3369/271925562?classType=VARIANT&athbdg=L1300,BISSELL Little Green® Portable Carpet Cleaner 3369,88.00,011120265491,"Not every pet mess calls for a full-size carpet cleaning machine. Use BISSELL® Little Green® portable upholstery and carpet cleaner to spray, scrub and lift away those smaller messes, like dirt and stains, from all types of surfaces. It has powerful suction to easily remove dirty paw prints from carpets and stairs, plus it works on car interiors, too! Little Green® portable deep cleaner is lightweight, so you can use it almost anywhere. And this machine doesn’t just clean up after pets, it helps save them! BISSELL proudly supports BISSELL Pet Foundation® and its mission to help save homeless pets. When you buy a BISSELL® product, you help save pets, too. We’re proud to design products that help make pet messes, odors and pet homelessness disappear."
https://www.walmart.com/sp/track?bt=1&eventST=click&plmt=sp-shop-middle~desktop~&pos=3&tax=&rdf=1&rd=https%3A%2F%2Fwww.walmart.com%2Fip%2FONSON-BR151-Robot-Vacuum-Cleaner-Robot-Vacuum-and-Mop-Combo-Compatible-with-Alexa-Blue%2F445208753%3FclassType%3DREGULAR%26athbdg%3DL1600%26adsRedirect%3Dtrue&adUid=a0b50a1b-61ad-48ef-aefd-5cfb5e89df08&mloc=sp-shop-middle&pltfm=desktop&pgId=deals%2Fall-home%2Ffloor-care&pt=shop&spQs=A0wyvjSRu9RhG6wQVSQegTlmiLMQcadfKDPXrJBRwZjthzV2EEGVYr_5Eeai9dcMVvfOGCKkeNt-DC_gQqFBwXAbrtsSmNCufFArfy1B97jkBgQem7wIgjxjSSwXf9iXVGWspHZXHgCF8UcKv0_ZJJ9ro0hgTVIc9OV7naLLGjPUbNQcqqoGglTuMh92vLyXZOVKVN7iZqSiPWzY2i5thOqeUkuzemiGjAkJEVPvpWU&storeId=3081&couponState=na&bkt=ace1_default%7Cace2_default%7Cace3_default%7Cbb_ctrl-10800%7Csearch_mltb_xe_rweb&classType=REGULAR&athbdg=L1600,N/A,N/A,N/A,N/A
https://www.walmart.com/ip/Dyson-V7-Advanced-Cordless-Vacuum-Cleaner-Silver-New/2776003520?classType=REGULAR&athbdg=L1700,Dyson V7 Advanced Cordless Vacuum Cleaner | Silver | New,259.99,885609029467,"The Dyson V7 Advanced cordless vacuum cleaner is engineered with the power, versatility and run time to clean your whole home. Dyson’s de-tangling Motorbar™ cleaner head deep cleans carpets and hard floors with hair removal vanes that clear long hair and pet hair from the brush bar. The Dyson V7 has advanced, whole-machine filtration that captures pet allergens and fine dust, expelling cleaner air. Thanks to the cordless format, it also transforms into a handheld vacuum with one click so you can clean up high, down low and everywhere in-between. Comes with a 2-year warranty and lifetime Dyson support.
¹Actual run time will vary based on power mode and/or attachments used. ²In Max mode. All other modes achieve at least 99.97% filtration. Washable filter can be reused for the lifetime of the machine, reducing waste.


In the box: Dyson V7 Advanced Cordless Vacuum Cleaner, Motorbar cleaner head, Combination Tool, Mini Soft Dusting Brush, Charger."
https://www.walmart.com/ip/BISSELL-PowerClean-Allergen-Pet-Upright-Vacuum-3000/9204810611?classType=REGULAR,BISSELL PowerClean Allergen Pet Upright Vacuum 3000,119.00,011120257939,Tackle tough messes with this BISSELL PowerClean Allergen Pet Vacuum.
https://www.walmart.com/ip/Dyson-V12-Detect-Slim-Cordless-Vacuum-Cleaner-Nickel-New/1876894717?classType=REGULAR&athbdg=L1700,Dyson V12 Detect Slim Cordless Vacuum Cleaner | Nickel | New,449.99,885609027722,"The Dyson V12 Detect Slim is Dyson's lightest intelligent cordless vacuum. It's engineered with the power, intelligence, versatility, and run time to deep clean your whole home in a lightweight, compact format. Dyson illumination reveals invisible dust on hard floors. The Dyson V12 Detect Slim intelligently optimizes power and run time based on the debris picked up, reporting it all on the LCD screen.³ The LCD screen also displays the run time countdown, power modes, and maintenance alerts. Dyson's de-tangling Motorbar™ cleaner head deep cleans carpets and hard floors without tangles. Its versatile cordless format transforms into a handheld vacuum with one click so you can clean up high, down low, and everywhere in between. Comes with a 2-year warranty and lifetime Dyson support. ¹Accuracy may vary. Best accuracy in Auto mode. Auto ramp feature in Auto mode only.

In the box: Dyson V12 Detect Slim Cordless Vacuum Cleaner, Motorbar Cleaner Head, Fluffy Optic Cleaner Head, Hair Screw Tool, Crevice Tool, Combination Tool, Wand Clip, Docking Station, Charger."
https://www.walmart.com/ip/BISSELL-PowerForce-Helix-Bagless-Upright-Vacuum-3313/1107918809?classType=VARIANT,BISSELL PowerForce Helix Bagless Upright Vacuum 3313,59.00,011120264098,"BISSELL® PowerForce® Helix® bagless upright vacuum (new and improved version of model 2191) is a lightweight and powerful vacuum that removes embedded dirt and hair from your home and offers long-lasting performance. The large-capacity dirt tank holds more, expanding your opportunity for room-to-room cleaning. Onboard tools work for cleaning above floors, and the edge-to-edge floor cleaning is great for hard-to-reach areas like baseboards and around furniture. BISSELL® PowerForce® Helix® bagless upright vacuum is a go-to for keeping your home tidy. It offers a Helix® dirt separation system that helps keep your washable filters newer for a longer time. The trusted bagless upright vacuum also has extended suction power and cleaning performance. Five height settings make it easy to clean almost any surface. Tackle what the kids track in on the living room carpet, then move directly to picking up those crumbs from kitchen tile. It goes everywhere you need it. There is a 23 foot power cord. BISSELL proudly supports BISSELL Pet Foundation® and its mission to help save homeless pets. When you buy a BISSELL® product, you help save pets, too. We’re proud to design products that help make pet messes, odors and pet homelessness disappear."
https://www.walmart.com/ip/Dyson-Big-Ball-Turbinehead-Canister-Vacuum-Yellow-Iron-New/2084195888?classType=VARIANT&athbdg=L1700,Dyson Big Ball Turbinehead Canister Vacuum | Yellow/Iron | New,199.99,885609020075,"The Dyson Big Ball Turbinehead has powerful Dyson suction to remove hair and dirt from every floor type. Self-righting technology Dyson Big Ball canister vacuums are monostatic: they have a single stable resting point. Dyson engineers made this possible using a complex configuration of the vacuum’s components. By assembling them in a spherical array, with the heaviest components near the floor, we created a curved body with a low center of gravity. This means that whenever the vacuum is displaced from its resting position, gravitational force will automatically return it. Or more simply, when it’s knocked over, it gets back up. Dyson Big Ball canister vacuums feature a new bin emptying mechanism so you can hygienically drive out trapped dust and debris with just the push of a button. With advanced whole-machine filtration and 4 additional tools for versatile tasks, the Turbinehead tool automatically raises and lowers to seal in suction across carpets, rugs, and hard floors. Articulated handle for easy, versatile cleaning the wand’s handle rotates in three directions, allowing 360° articulation for greater control.

In the box: Quick-release articulating hard floor tool, Quick-release combination tool, Stair tool, Tangle-free Turbine head."
https://www.walmart.com/ip/Eureka-Airspeed-Bagless-Upright-Vacuum-Cleaner-NEU100/381568816?classType=REGULAR,"Eureka AirSpeed Upright Carpet Vacuum Cleaner, NEU100, Green & Black, New",49.88,817986028009,"The Eureka AirSpeed Lightweight Upright Vacuum is the lightweight cleaning solution you have been waiting for. At only 7.7 lbs., the Eureka AirSpeed Lightweight Upright Vacuum is incredibly powerful, this vacuum is great for deep cleaning carpets & cleaning hard floors. The Eureka AirSpeed Lightweight Upright Vacuum's compact design makes it easy to store & maneuver around the house, but don't be fooled by its compact design! The Eureka AirSpeed Lightweight Upright Vacuum has a 1.7L, easy-empty, flip down dust cup, makes uninterrupted cleaning a breeze. The Eureka AirSpeed Lightweight Upright Vacuum is packed with features, including a detachable handle which connects to the hose to easily allow for above floor cleaning. The Eureka AirSpeed Lightweight Upright Vacuum comes with accessories like the crevice tool & dusting brush, perfect for cleaning upholstery, vents and other hard to reach places. The Eureka AirSpeed Lightweight Upright Vacuum is designed to store your attachments on board, offering easy access."
https://www.walmart.com/ip/Prettycare-Cordless-Stick-Vacuum-Cleaner-Lightweight-for-Carpet-Floor-Pet-Hair-W200/903952057?classType=REGULAR&athbdg=L1900,Prettycare Cordless Stick Vacuum Cleaner Lightweight for Carpet Floor Pet Hair W200,79.99,165153442050,"20Kpa SUCTION CAN EVEN SUCK UP YOUR PHONE --PRETTYCARE stick vacuum with 20000Pa Hurricane suction almost reaches the suction of a traditional canister vacuum. Eliminates dirt, debris, pet hair, and tough messes with ease. Leaves no dirt behind(HEPA is washable and recyclable)
WIDELY APPLICABLE TWO MODES &LONG-LASTING BATTERY --PRETTYCARE cordless vacuum stick provides 35 minutes runtime in 11000Pa and 20 minutes in 20000PA, ensure thorough one-time cleaning of 180㎡ (1 937.50 sq ft) house,2 adjustable modes adapt to different situations and allow full use of the battery
ULTRA-LIGHTWEIGHT & CONVENIENT CORDLESS USING: cordless vacuum cleaner's main body's weight is less than 4 bottles of 330ml cola, User-friendly for most ages. It can be used for people with some back problems, extremely suitable for long-term one hand cleaning. the 180° rotatable floor brush enables you to easily clean the blind corners under furniture. Ergonomic handles make cleaning easy. The ""One-Click Dust Dumping"" design makes emptying simple
EXCELLENT FILTER SYSTEM & LED MOTORIZED FLOOR HEAD: PRETTYCARE stick vacuum wood floor filter system uses a stainless steel filter, filter holes precision and small. Service life is twice longer than a traditional filtration system. Hardwood floor vacuum provides the ultimate purified air and an excellent cleaning experience for every user. HEPA is washable and recyclable
COST-EFFECTIVE VACUUM & CONVENIENT STORAGE:: Cordless stick vacuum's main machine weighs only 3.3lb and can be equipped with different attachments for different tasks. With an ergonomic handle, people can hold the machine to finish cleaning, This lightweight cordless vacuum must be a great gift for your family or friends who have pets or naughty kids.
Note: Filter and black cylindrical sponge must be cleaned frequently to ensure the machine has better suction power. Dirty cleaning can cause waste to block the vents, Which can cause the suction to decay quickly."
https://www.walmart.com/sp/track?bt=1&eventST=click&plmt=sp-shop-middle~desktop~&pos=11&tax=&rdf=1&rd=https%3A%2F%2Fwww.walmart.com%2Fip%2FMOOSOO-Cordless-Vacuum-23Kpa-Quiet-Yet-Powerful-Lightweight-Stick-Vacuum-Cleaner-with-Rich-Accessories-K17%2F667444873%3FclassType%3DREGULAR%26athbdg%3DL1600%26adsRedirect%3Dtrue&adUid=a0b50a1b-61ad-48ef-aefd-5cfb5e89df08&mloc=sp-shop-middle&pltfm=desktop&pgId=deals%2Fall-home%2Ffloor-care&pt=shop&spQs=gBb7YSMx_PVl9tOlpqS729Cm0eXLhvCrOh8MvVuV6-5EBKmDHKsiSn-zKvbmVsKrkRcWm4qsJ8dk3WFJu7gdXagRFpn1EuzwkrFBOCKINQnS73hgWB9-Fk1Hui8vYr7MLyunZ58f4j0C1TYfSmhakLYoOSNY7DzIeQDrkszgU5pbTJC01EpGw-nmu3i7Ep6wkWp_6oFq82PTlPU2rak16G7PsNtvbRQ5MfQ0hp5k7Gs&storeId=3081&couponState=na&bkt=ace1_default%7Cace2_default%7Cace3_default%7Cbb_ctrl-10800%7Csearch_mltb_xe_rweb&classType=REGULAR&athbdg=L1600,N/A,N/A,N/A,N/A
https://www.walmart.com/sp/track?bt=1&eventST=click&plmt=sp-shop-middle~desktop~&pos=12&tax=&rdf=1&rd=https%3A%2F%2Fwww.walmart.com%2Fip%2FiRobot-Roomba-i1-1552-Wi-Fi-Connected-Self-Emptying-Robot-Vacuum-Ideal-for-Pet-Hair-Carpets%2F484338113%3FclassType%3DREGULAR%26adsRedirect%3Dtrue&adUid=a0b50a1b-61ad-48ef-aefd-5cfb5e89df08&mloc=sp-shop-middle&pltfm=desktop&pgId=deals%2Fall-home%2Ffloor-care&pt=shop&spQs=mlAJcn4e1P2MZz9zA6bUVkK8A-8HNGFs93WLZBjE2nuHQqlay6E7Q8J5Zi0WH5PjivYRBxa6lzYYme51usfGmHYmfNYDsLyJ9uT1OgtCT0AOWOUeoXuMbtcUxIU8bMeRIpHVm3vCR1aWj7NqE93YcpkZHcz6eqUVpNQomR5dxHfUbNQcqqoGglTuMh92vLyXZOVKVN7iZqSiPWzY2i5thOqeUkuzemiGjAkJEVPvpWU&storeId=3081&couponState=na&bkt=ace1_default%7Cace2_default%7Cace3_default%7Cbb_ctrl-10800%7Csearch_mltb_xe_rweb&classType=REGULAR,N/A,N/A,N/A,N/A
https://www.walmart.com/ip/INSE-Cordless-Vacuum-Cleaner-6-in-1-Stick-Cleaner-Detachable-Battery-30kPa-Strong-Suction-Extra-Large-Dustbin-Powerful-Brushless-Motor-Ultra-Quiet-Li/855013393?classType=REGULAR&athbdg=L1900,"INSE Cordless Vacuum Cleaner, 30kPa 300W Stick Vacuum up to 45min Runtime, 6-in-1 Lightweight Rechargeable Vacuum for Carpet Hardwood Floor Pet Hair",89.96,613965939072,"INSE S620 Cordless Vacuum Cleaner features 30kPa powerful suction with 300W advanced digital motor. 2500 mAh high-capacity battery provides 45mins long-lasting runtime. With A 5-stage cyclone filtration system, this Stick Vacuum Cordless Rechargeable could better keep the waste inside the bin, separate the dust and dirt from the air, and release fresh air out, a bonus for allergies. Comes with a brush attachment and a long crevice, INSE S620 Cordless Stick Vacuum can meet your various cleaning needs on the carpet, hard floor, rugs, cars, sofa, desk, drawer, cabinet, windows, curtain, and bookshelf, etc. And LED lights of this Vacuum Cleaner illuminates every dark corner and helps to track dust. Self-standing design and compact wall-hanging design, which is effectively save space, and improve living comfort. The upgraded brush head, 1.2L extra large dustbin and 5-stage cyclone filtration system make cleaning more efficient and convenient.
Package includes: Metal tube, Filter, Main motor (motor & dust cup), Motorized brush head, Long crevice, Wall mount with screws, Stiff roller brush, 2-in-1 brush, Battery, Power Adapter, Cleaning gadget, User manual.

INSE Cordless Vacuum Cleaner with 30Kpa Powerful Suction, Lightweight Stick with HEPA Filter, 300W Powerful Brushless Motor, 1.2L Extra Large Dustbin, 45mins Runtime for Home Hard Floor Carpet Pet Hair:"
https://www.walmart.com/ip/INSE-Cordless-Vacuum-Cleaner-6-1-Powerful-Suction-Lightweight-Stick-2200mAh-Rechargeable-Battery-45min-Runtime-Home-Furniture-Hard-Floor-Carpet-Car-H/758609723?classType=REGULAR&athbdg=L1900,INSE Lightweight Cordless Stick Vacuum Cleaner 25kPa with 45min Runtime for Carpet Floor Pet Hair N520,68.95,755419195808,"INSE cordless vacuum cleaner features an upgraded brush head, 1.2L extra-large dustbin, and upgraded filtration system. Comes with multipurpose attachments to meet your various cleaning needs; perfect for low-pile carpet, hard floors, rugs, cars, sofas, desks, drawers, cabinets, windows, curtains, bookshelf, etc.
6 in 1 New Cordless Stick Vacuum Cleaner
45min Max Long Runtime
25000PA Strong Suction
99.99% Efficient Filtration
Makes Housework Easier, Makes Home Cleaner. Enjoy Your Life."
https://www.walmart.com/ip/Shark-VACMOP-Cordless-Hard-Floor-Vacuum-Mop-with-2-Disposable-VACMOP-Pads-VM200/842647132?classType=VARIANT&athbdg=L1300,"Shark VACMOP Cordless Hard Floor Vacuum Mop with (2)Disposable VACMOP Pads, VM200",49.00,622356561501,"The Shark VACMOP VM200 combines powerful suction & spray mopping in one disposable pad. Vacuum dry debris, scrub wet messes, and toss the pad. The VM200 includes cordless charging, 2 new disposable pads, and a 12 oz. bottle of VACMOP multi-surface hard floor cleaner. Lightweight and low maintenance."
https://www.walmart.com/ip/Shark-Steam-Mop-S1000WM/56113019?classType=VARIANT,"Shark Steam Mop, S1000WM",49.88,622356551243,"Effortlessly clean with the power of the Shark Steam Mop, S1000WM. With just water, quickly cut through stuck on messes. No chemicals and no residue. Designed with ease in mind, the Shark Steam Mop is lightweight and maneuverable, allowing you to get into tight spaces. Its large water tank means you can clean more floor without having to stop. And when you do need to refill, the removable tank makes it easy. The Steam Mop’s compact size and upright lock means it's easy to store, too."
