Url,Title,Price,UPC,Description
https://www.walmart.com/ip/BISSELL-Little-Green-Portable-Carpet-Cleaner-3369/271925562?classType=VARIANT&athbdg=L1300,BISSELL Little Green¬Æ Portable Carpet Cleaner 3369,88.00,011120265491,"Not every pet mess calls for a full-size carpet cleaning machine. Use BISSELL¬Æ Little Green¬Æ portable upholstery and carpet cleaner to spray, scrub and lift away those smaller messes, like dirt and stains, from all types of surfaces. It has powerful suction to easily remove dirty paw prints from carpets and stairs, plus it works on car interiors, too! Little Green¬Æ portable deep cleaner is lightweight, so you can use it almost anywhere. And this machine doesn‚Äôt just clean up after pets, it helps save them! BISSELL proudly supports BISSELL Pet Foundation¬Æ and its mission to help save homeless pets. When you buy a BISSELL¬Æ product, you help save pets, too. We‚Äôre proud to design products that help make pet messes, odors and pet homelessness disappear."
https://www.walmart.com/ip/Dyson-V7-Advanced-Cordless-Vacuum-Cleaner-Silver-New/2776003520?classType=REGULAR&athbdg=L1700,Dyson V7 Advanced Cordless Vacuum Cleaner | Silver | New,259.99,885609029467,"The Dyson V7 Advanced cordless vacuum cleaner is engineered with the power, versatility and run time to clean your whole home. Dyson‚Äôs de-tangling Motorbar‚Ñ¢ cleaner head deep cleans carpets and hard floors with hair removal vanes that clear long hair and pet hair from the brush bar. The Dyson V7 has advanced, whole-machine filtration that captures pet allergens and fine dust, expelling cleaner air. Thanks to the cordless format, it also transforms into a handheld vacuum with one click so you can clean up high, down low and everywhere in-between. Comes with a 2-year warranty and lifetime Dyson support.
¬πActual run time will vary based on power mode and/or attachments used. ¬≤In Max mode. All other modes achieve at least 99.97% filtration. Washable filter can be reused for the lifetime of the machine, reducing waste.


In the box: Dyson V7 Advanced Cordless Vacuum Cleaner, Motorbar cleaner head, Combination Tool, Mini Soft Dusting Brush, Charger."
https://www.walmart.com/ip/BISSELL-PowerClean-Allergen-Pet-Upright-Vacuum-3000/9204810611?classType=REGULAR,BISSELL PowerClean Allergen Pet Upright Vacuum 3000,119.00,011120257939,Tackle tough messes with this BISSELL PowerClean Allergen Pet Vacuum.
https://www.walmart.com/ip/Dyson-V12-Detect-Slim-Cordless-Vacuum-Cleaner-Nickel-New/1876894717?classType=REGULAR&athbdg=L1700,Dyson V12 Detect Slim Cordless Vacuum Cleaner | Nickel | New,449.99,885609027722,"The Dyson V12 Detect Slim is Dyson's lightest intelligent cordless vacuum. It's engineered with the power, intelligence, versatility, and run time to deep clean your whole home in a lightweight, compact format. Dyson illumination reveals invisible dust on hard floors. The Dyson V12 Detect Slim intelligently optimizes power and run time based on the debris picked up, reporting it all on the LCD screen.¬≥ The LCD screen also displays the run time countdown, power modes, and maintenance alerts. Dyson's de-tangling Motorbar‚Ñ¢ cleaner head deep cleans carpets and hard floors without tangles. Its versatile cordless format transforms into a handheld vacuum with one click so you can clean up high, down low, and everywhere in between. Comes with a 2-year warranty and lifetime Dyson support. ¬πAccuracy may vary. Best accuracy in Auto mode. Auto ramp feature in Auto mode only.

In the box: Dyson V12 Detect Slim Cordless Vacuum Cleaner, Motorbar Cleaner Head, Fluffy Optic Cleaner Head, Hair Screw Tool, Crevice Tool, Combination Tool, Wand Clip, Docking Station, Charger."
https://www.walmart.com/ip/BISSELL-PowerForce-Helix-Bagless-Upright-Vacuum-3313/1107918809?classType=VARIANT,BISSELL PowerForce Helix Bagless Upright Vacuum 3313,59.00,011120264098,"BISSELL¬Æ PowerForce¬Æ Helix¬Æ bagless upright vacuum (new and improved version of model 2191) is a lightweight and powerful vacuum that removes embedded dirt and hair from your home and offers long-lasting performance. The large-capacity dirt tank holds more, expanding your opportunity for room-to-room cleaning. Onboard tools work for cleaning above floors, and the edge-to-edge floor cleaning is great for hard-to-reach areas like baseboards and around furniture. BISSELL¬Æ PowerForce¬Æ Helix¬Æ bagless upright vacuum is a go-to for keeping your home tidy. It offers a Helix¬Æ dirt separation system that helps keep your washable filters newer for a longer time. The trusted bagless upright vacuum also has extended suction power and cleaning performance. Five height settings make it easy to clean almost any surface. Tackle what the kids track in on the living room carpet, then move directly to picking up those crumbs from kitchen tile. It goes everywhere you need it. There is a 23 foot power cord. BISSELL proudly supports BISSELL Pet Foundation¬Æ and its mission to help save homeless pets. When you buy a BISSELL¬Æ product, you help save pets, too. We‚Äôre proud to design products that help make pet messes, odors and pet homelessness disappear."
https://www.walmart.com/ip/Dyson-Big-Ball-Turbinehead-Canister-Vacuum-Yellow-Iron-New/2084195888?classType=VARIANT&athbdg=L1700,Dyson Big Ball Turbinehead Canister Vacuum | Yellow/Iron | New,199.99,885609020075,"The Dyson Big Ball Turbinehead has powerful Dyson suction to remove hair and dirt from every floor type. Self-righting technology Dyson Big Ball canister vacuums are monostatic: they have a single stable resting point. Dyson engineers made this possible using a complex configuration of the vacuum‚Äôs components. By assembling them in a spherical array, with the heaviest components near the floor, we created a curved body with a low center of gravity. This means that whenever the vacuum is displaced from its resting position, gravitational force will automatically return it. Or more simply, when it‚Äôs knocked over, it gets back up. Dyson Big Ball canister vacuums feature a new bin emptying mechanism so you can hygienically drive out trapped dust and debris with just the push of a button. With advanced whole-machine filtration and 4 additional tools for versatile tasks, the Turbinehead tool automatically raises and lowers to seal in suction across carpets, rugs, and hard floors. Articulated handle for easy, versatile cleaning the wand‚Äôs handle rotates in three directions, allowing 360¬∞ articulation for greater control.

In the box: Quick-release articulating hard floor tool, Quick-release combination tool, Stair tool, Tangle-free Turbine head."
https://www.walmart.com/ip/Eureka-Airspeed-Bagless-Upright-Vacuum-Cleaner-NEU100/381568816?classType=REGULAR,"Eureka AirSpeed Upright Carpet Vacuum Cleaner, NEU100, Green & Black, New",49.88,817986028009,"The Eureka AirSpeed Lightweight Upright Vacuum is the lightweight cleaning solution you have been waiting for. At only 7.7 lbs., the Eureka AirSpeed Lightweight Upright Vacuum is incredibly powerful, this vacuum is great for deep cleaning carpets & cleaning hard floors. The Eureka AirSpeed Lightweight Upright Vacuum's compact design makes it easy to store & maneuver around the house, but don't be fooled by its compact design! The Eureka AirSpeed Lightweight Upright Vacuum has a 1.7L, easy-empty, flip down dust cup, makes uninterrupted cleaning a breeze. The Eureka AirSpeed Lightweight Upright Vacuum is packed with features, including a detachable handle which connects to the hose to easily allow for above floor cleaning. The Eureka AirSpeed Lightweight Upright Vacuum comes with accessories like the crevice tool & dusting brush, perfect for cleaning upholstery, vents and other hard to reach places. The Eureka AirSpeed Lightweight Upright Vacuum is designed to store your attachments on board, offering easy access."
https://www.walmart.com/ip/Prettycare-Cordless-Stick-Vacuum-Cleaner-Lightweight-for-Carpet-Floor-Pet-Hair-W200/903952057?classType=REGULAR&athbdg=L1900,Prettycare Cordless Stick Vacuum Cleaner Lightweight for Carpet Floor Pet Hair W200,79.99,165153442050,"20Kpa SUCTION CAN EVEN SUCK UP YOUR PHONE --PRETTYCARE stick vacuum with 20000Pa Hurricane suction almost reaches the suction of a traditional canister vacuum. Eliminates dirt, debris, pet hair, and tough messes with ease. Leaves no dirt behind(HEPA is washable and recyclable)
WIDELY APPLICABLE TWO MODES &LONG-LASTING BATTERY --PRETTYCARE cordless vacuum stick provides 35 minutes runtime in 11000Pa and 20 minutes in 20000PA, ensure thorough one-time cleaning of 180„é° (1 937.50 sq ft) house,2 adjustable modes adapt to different situations and allow full use of the battery
ULTRA-LIGHTWEIGHT & CONVENIENT CORDLESS USING: cordless vacuum cleaner's main body's weight is less than 4 bottles of 330ml cola, User-friendly for most ages. It can be used for people with some back problems, extremely suitable for long-term one hand cleaning. the 180¬∞ rotatable floor brush enables you to easily clean the blind corners under furniture. Ergonomic handles make cleaning easy. The ""One-Click Dust Dumping"" design makes emptying simple
EXCELLENT FILTER SYSTEM & LED MOTORIZED FLOOR HEAD: PRETTYCARE stick vacuum wood floor filter system uses a stainless steel filter, filter holes precision and small. Service life is twice longer than a traditional filtration system. Hardwood floor vacuum provides the ultimate purified air and an excellent cleaning experience for every user. HEPA is washable and recyclable
COST-EFFECTIVE VACUUM & CONVENIENT STORAGE:: Cordless stick vacuum's main machine weighs only 3.3lb and can be equipped with different attachments for different tasks. With an ergonomic handle, people can hold the machine to finish cleaning, This lightweight cordless vacuum must be a great gift for your family or friends who have pets or naughty kids.
Note: Filter and black cylindrical sponge must be cleaned frequently to ensure the machine has better suction power. Dirty cleaning can cause waste to block the vents, Which can cause the suction to decay quickly."
https://www.walmart.com/ip/INSE-Cordless-Vacuum-Cleaner-6-in-1-Stick-Cleaner-Detachable-Battery-30kPa-Strong-Suction-Extra-Large-Dustbin-Powerful-Brushless-Motor-Ultra-Quiet-Li/855013393?classType=REGULAR&athbdg=L1900,"INSE Cordless Vacuum Cleaner, 30kPa 300W Stick Vacuum up to 45min Runtime, 6-in-1 Lightweight Rechargeable Vacuum for Carpet Hardwood Floor Pet Hair",89.96,613965939072,"INSE S620 Cordless Vacuum Cleaner features 30kPa powerful suction with 300W advanced digital motor. 2500 mAh high-capacity battery provides 45mins long-lasting runtime. With A 5-stage cyclone filtration system, this Stick Vacuum Cordless Rechargeable could better keep the waste inside the bin, separate the dust and dirt from the air, and release fresh air out, a bonus for allergies. Comes with a brush attachment and a long crevice, INSE S620 Cordless Stick Vacuum can meet your various cleaning needs on the carpet, hard floor, rugs, cars, sofa, desk, drawer, cabinet, windows, curtain, and bookshelf, etc. And LED lights of this Vacuum Cleaner illuminates every dark corner and helps to track dust. Self-standing design and compact wall-hanging design, which is effectively save space, and improve living comfort. The upgraded brush head, 1.2L extra large dustbin and 5-stage cyclone filtration system make cleaning more efficient and convenient.
Package includes: Metal tube, Filter, Main motor (motor & dust cup), Motorized brush head, Long crevice, Wall mount with screws, Stiff roller brush, 2-in-1 brush, Battery, Power Adapter, Cleaning gadget, User manual.

INSE Cordless Vacuum Cleaner with 30Kpa Powerful Suction, Lightweight Stick with HEPA Filter, 300W Powerful Brushless Motor, 1.2L Extra Large Dustbin, 45mins Runtime for Home Hard Floor Carpet Pet Hair:"
https://www.walmart.com/ip/Shark-VACMOP-Cordless-Hard-Floor-Vacuum-Mop-with-2-Disposable-VACMOP-Pads-VM200/842647132?classType=VARIANT&athbdg=L1300,"Shark VACMOP Cordless Hard Floor Vacuum Mop with (2)Disposable VACMOP Pads, VM200",49.00,622356561501,"The Shark VACMOP VM200 combines powerful suction & spray mopping in one disposable pad. Vacuum dry debris, scrub wet messes, and toss the pad. The VM200 includes cordless charging, 2 new disposable pads, and a 12 oz. bottle of VACMOP multi-surface hard floor cleaner. Lightweight and low maintenance."
https://www.walmart.com/ip/INSE-Cordless-Vacuum-Cleaner-6-1-Powerful-Suction-Lightweight-Stick-2200mAh-Rechargeable-Battery-45min-Runtime-Home-Furniture-Hard-Floor-Carpet-Car-H/758609723?classType=REGULAR&athbdg=L1900,INSE Lightweight Cordless Stick Vacuum Cleaner 25kPa with 45min Runtime for Carpet Floor Pet Hair N520,68.95,755419195808,"INSE cordless vacuum cleaner features an upgraded brush head, 1.2L extra-large dustbin, and upgraded filtration system. Comes with multipurpose attachments to meet your various cleaning needs; perfect for low-pile carpet, hard floors, rugs, cars, sofas, desks, drawers, cabinets, windows, curtains, bookshelf, etc.
6 in 1 New Cordless Stick Vacuum Cleaner
45min Max Long Runtime
25000PA Strong Suction
99.99% Efficient Filtration
Makes Housework Easier, Makes Home Cleaner. Enjoy Your Life."
https://www.walmart.com/ip/Shark-Steam-Mop-S1000WM/56113019?classType=VARIANT,"Shark Steam Mop, S1000WM",49.88,622356551243,"Effortlessly clean with the power of the Shark Steam Mop, S1000WM. With just water, quickly cut through stuck on messes. No chemicals and no residue. Designed with ease in mind, the Shark Steam Mop is lightweight and maneuverable, allowing you to get into tight spaces. Its large water tank means you can clean more floor without having to stop. And when you do need to refill, the removable tank makes it easy. The Steam Mop‚Äôs compact size and upright lock means it's easy to store, too."
https://www.walmart.com/ip/BISSELL-Pro-Heat-2X-Revolution-Pet-Pro-Full-Size-Carpet-Cleaner-3586/853648682?classType=VARIANT,BISSELL Pro Heat 2X Revolution Pet Pro Full-Size Carpet Cleaner 3586,249.00,011120269659,"We know pets make messes. Whether it's tracked-in mud or bathroom accidents, BISSELL¬Æ ProHeat 2X¬Æ Revolution¬Æ Pet Pro Advanced Upright Carpet Cleaner is built to handle those messes ‚Äî and more ‚Äî with ease only weighing 18 lbs. This machine includes our energy efficient TurboStrength‚Ñ¢ Motor Technology that delivers powerful suction and a quiet clean. Plus, with CleanShot¬Æ pretreater, you can penetrate tough spots and stains. Additionally, the ProHeat 2X¬Æ Revolution¬Æ Pet Pro Advanced carpet cleaner comes with 3 different cleaning modes: MAX Clean Mode to remove emedded dirt, stains and allergens, Deep Clean Mode for tough stains and spills, and Express Clean Mode to dry your carpets in about 30 minutes.* Heatwave Technology¬Æ helps maintain the water temperature throughout cleaning. Plus, each machine comes with an EZ 1PC Cleanup Removable Brush Roll Cover to make the clean up after the clean quick and easy. Each box comes with: the 2-in-1 Pet Upholstery Tool, a trial size of BISSELL¬Æ ADVANCED PET PRO OXY Urine Eliminator formula, and a trial size of BISSELL¬Æ Pet Stain & Odor + Antibacterial formula. All of this cleaning power comes in a lightweight and maneuverable machine with a low-profile foot that easily gets under furniture. But this machine doesn't just pick up after pets, it helps save them, too. BISSELL proudly supports BISSELL Pet Foundation¬Æ and its mission to help save homeless pets. When you buy a BISSELL¬Æ product, you help save pets. We‚Äôre proud to design products that help make pet messes, odors and pet homelessness disappear. *Express Clean Mode (reference instruction in user guide). Tested on new carpet with protectant. Results may vary."
https://www.walmart.com/ip/BLACK-DECKER-Vacuum-Wash-Duo-Multi-Surface-Cordless-with-Accessories-BXUVXA01/3010187801?classType=REGULAR,"BLACK+DECKER Vacuum + Wash Duo Multi-Surface Cordless with Accessories, BXUVXA01",129.00,810941033667,"Achieve cleaner floors with the BLACK & DECKER MULTI-SURFACE VACUUM + WASH DUO. A comprehensive multi-surface cleaning solution that effortlessly vacuums and washes your floors at the same time. Lightweight at 11 pounds and cordless design makes cleaning a breeze. Effortlessly switch from hard surfaces to carpets with seamless ease. Boasting a Dual-Action Brush Roll, this vacuum surpasses conventional sponge mops and buckets while also saving you precious time. Plus, at the push of a button, this machine self-cleans after each use, making floor cleaning an absolute breeze like never before!"
https://www.walmart.com/ip/Buture-Cordless-Stick-Vacuum-Cleaners-55mins-450W-38KPa-with-Touch-Display-Powerful-Lightweight-Vacuum-Cleaner-for-Carpets-Floors-Pet-Hair-Home/3997743983?classType=VARIANT&athbdg=L1400,Buture Cordless Stick Vacuum Cleaners 55mins 450W 38KPa with Touch Display Powerful Lightweight Vacuum Cleaner for Carpets Floors Pet Hair Home,109.99,N/A,"Experience the joy of effortless and efficient whole-house cleaning with our intelligent cordless vacuum cleaner. It effortlessly tackles a variety of debris, such as candy, cookies, pet food crumbs, pet hair, and fabric fibers, saving you time and energy.

Powerful 450W brushless motor and an impressive 38KPa suction power, it effortlessly picks up all types of debris and deeply embedded dirt. Smart sensors automatically adjust suction power based on the floor type. The all-in-one color touch screen allows for easy suction power selection and provides real-time information on battery life, dust cup status, and filter maintenance. With a versatile rotating electric brush head, floor lights, and anti-winding roller, it effectively captures hair and debris on any surface. The detachable battery offers up to 55 minutes of runtime, and the spacious 1.5L canister ensures uninterrupted cleaning for your entire home."
https://www.walmart.com/ip/Moosoo-Cordless-Vacuum-4-in-1-Lightweight-Stick-Vacuum-Cleaner-XL-618A/151308994?classType=VARIANT&athbdg=L1900,MOOSOO Cordless Stick Vacuum Cleaner Lightweight for Carpet Floor Pet Hair Home XL-618A,79.99,653846760852,"20kPa Powerful Suction & Long-lasting Battery Life: Offers an impressive cordless runtime of up to 35 minutes, ensuring comprehensive cleaning throughout your home. The upgraded motor delivers a powerful 20kPa suction, effectively handling various cleaning tasks while maintaining peak performance, high durability, and extended battery life. Suitable for cleaning all types of surfaces, including hard floors, carpets, stairs, windowsills, sofas, beds, desks, and curtains.
Lightweight Design & Large Dust Cup: Weighing only 2.9 lbs, the main unit is easy to maneuver, making it ideal for cleaning stairs, upholstery, sofas, and Venetian blinds. It features a 1.3L dust cup, the largest among cordless vacuums, perfect for families with children and pets. Designed for efficient, everyday cleaning.
Widely Applicable Two Modes & Detachable Battery: Stick vacuum cleaner has two adjustable modes to adapt to different situations and allow full use of the battery. Standard Mode: 35 minutes runtime in 11000Pa, Strong Mode: 20 minutes in 20000PA. Continuously clean larger areas with ease using the built in trigger lock. Conveniently remove battery for flexible charging and swap for a spare.
Enhanced Filtration System: Upgraded from a plastic filtration system to a high-efficiency cyclone metal filtration system, it captures up to 99.97% of microscopic dust particles. Quickly removes debris, dust, and pet hair, while minimizing noise and preventing clogging issues.
Important Note: To maintain optimal suction power, clean the filter and cylindrical HEPA frequently. Neglecting to clean can cause debris to block the vents, resulting in a loss of suction.
Maintenance Tips:
1. Always use the original adapter to charge the cordless vacuum.
2. Clean the HEPA filter and other filters regularly and ensure they are completely dry before reinstallation to maintain strong suction.
3. Confirm that the brush head, dust cup, and filter are correctly installed before use.
4. Avoid using the stick vacuum cleaner on wet surfaces."
https://www.walmart.com/ip/INSE-Cordless-Vacuum-Cleaner-6-1-Powerful-Stick-Handheld-2200mAh-Rechargeable-Battery-20Kpa-Cleaner-45min-Runtime-Lightweight-Hard-Floor-Carpet-Pet-H/2086693828?classType=VARIANT&athbdg=L1900,"INSE Cordless Vacuum Cleaner,6-in-1 Stick Handheld Vacuum 25kPa Ultra-Light for Carpet Floor Pet Hair,N660",68.39,768649861375,"INSE N660 is a high-performance cordless vacuum cleaner that make you enjoy freedom and flexibility for whole-home cleaning.INSE N660 vacuum cleaner features 25kPa powerful suction with 175W high-efficient motor and 2200mAh large capacity rechargeable battery.It can clean pet hair, debris from variety of surfaces including hardwood floor, low and med pile carpet, tile floor, marble floor deeply and thoroughly for an effortless cleaning experience.The cordless stick vacuum also provides 45mins long-lasting running time in standard mode,3-4 hours quick charging and maintain full power for a continuous clean from start to finish.Powerful vacuum cleaner cordless equipped with rotatable and maneuverable motorized cleaner head with front LED lights easily to see the dust under furniture or in hard-to-reach conner, makes cleaning these areas an absolute breeze.
The new hardwood floor vacuum can easily convert to a handheld vacuum.Comes with multipurpose attachments to meet your various cleaning needs; perfect for carpet, hard floor, bed, pillow, rugs, cars, RV, pet, sofa, desk, stair, drawer, cabinet, windows, curtain and bookshelf, etc. 1.2L large dustbin and unique continuous mode of this lightweight rechargeable vacuum cleaner is designed for cleaning large space, you do not need to pull the trigger all the time while vacuuming and one press button designed to empty the dustbin after cleaning, no need to touch the dirt. Comes with a wall mount,it takes up less room, very convenient to store or use."
https://www.walmart.com/ip/Dirt-Devil-Pet-Portable-Spot-32-oz-AD31700/2404579447?classType=REGULAR,Dirt Devil Pet Portable Spot 32 oz AD31700,13.52,046034908813,"Too Short : The length of this description is 52 words, while it should be more than 60 words, based on Omni 5.0 Specs. Try to make it longer."
https://www.walmart.com/ip/BISSELL-PowerFresh-Deluxe-Hard-Floor-Steam-Mop-1806/122182884?classType=REGULAR&athbdg=L1700,"BISSELL PowerFresh Deluxe Hard Floor Steam Mop, 1806",79.00,011120230871,"The BISSELL¬Æ PowerFresh¬Æ Deluxe Steam Mop is a hard surface steam cleaner that uses the natural power of steam to clean and sanitize your floors easily, eliminating 99.9% of germs and bacteria when used as directed. Use the on-board SpotBOOST‚Ñ¢ brush to scrub away tough, sticky messes. Leave your room smelling as clean as your floors with the Spring Breeze scent discs which can be purchased separately."
https://www.walmart.com/ip/INSE-Robot-Vacuum-Cleaner-2200Pa-Powerful-Suction-Self-Charging-Remote-Control-Perfect-for-Pet-Hair-Hardwood-Floors-E3-PLUS/1219156460?classType=VARIANT&athbdg=L1400,"INSE Robot Vacuum Cleaner with 2200Pa, Self-Charging, Tangle-free, 100 Min Runtime, Anti-Collision Anti-Fall E3 PLUS",69.99,765154595092,"INSE E3 PLUS robot vacuum is designed with a Double-Brush System, make you enjoy seamless and automated cleaning in your home. You can control the included remote to select different cleaning modes and it can last almost 100mins. This robotic vacuum cleaner can help you clean almost 1100 sqft area at one time. You don't worry about the low power, because the vacuum will be back to its base to recharge by self. 
With its 2.76"" compact and slim profile design, INSE E3 PLUS robot cleaner can freely wonder around the corners and the bottom of regular furniture for more reachable area that can carry out. Improved smart protection fully upgraded anti-drop technology prevent the vacuum robot from falling down from stairs and off of edges. With the two large wheels,the maximum obstacle crossing height is 15 degree, which make the pet hair robot vacuum moves effortlessly from hard floor to carpets and work unimpeded in your home without manual assistance. 
From dust and debris to spilled cereal and pet hair, INSE Robot Vacuum's powerful suction vent cleans up everything in its path into a large dustbin regardless of low-pile carpet or hardwoods. Tangle-free suction technology makes it an expert to pick up pet hair, an incredible helper for pets owned family to tackle hair mess. We strongly recommend families with pets try this robot vacuum.Let the INSE robot vacuum cleaner do the dirty work so you have more time to spend with the people you love.

INSE Robot Vacuum Cleaner with 2200Pa, Self-Charging, Tangle-free, Remote Control, 100 Min Runtime, Anti-Collision Anti-Fall Robotic Vacuum for Pet Hair Hard Floor E3 PLUS, New:"
https://www.walmart.com/ip/WHALL-Cordless-Vaccum-Cleaner-25Kpa-Super-Suction-280W-High-Speed-Brushless-Motor-Stick-Vacuum-Detachable-Battery-55min-Runtime-New/3149579020?classType=VARIANT&athbdg=L1400,"WHALL Cordless Vaccum Cleaner, 25Kpa Super Suction 280W High-Speed Brushless Motor Cordless Stick Vacuum, Detachable Battery up to 55min Runtime (New)",109.99,810118482526,"üéÅWHALL Cordless Vacuum Cleaner, 25Kpa Super Suction 280W High-Speed Brushless Motor Cordless Stick Vacuum, Detachable Battery Up to 50min Runtime Vacuum Cleaner for Home Hardwood Floor Carpet PetüéÅ
With a 280W motor and 25Kpa suction, it offers up to 55 minutes of cleaning time. The efficient filtration system ensures 99.99% cleaning of fine dust. Its flexible design and simple operation make cleaning a breeze.
üéÅSpecifications
Model Name: Whall Cordless Vacuum Cleaner
Item Size: 9.84""L x 6.69""W x 44.49""H
Item Weight: 8.7 Lbs.
Voltage: 110V~ 240V
Running Time: 12~55Mins
Item Condition: New
Suction: 25Kpa in High Mode; 14Kpa in Medium Mode 8Kpa in Low Mode
üéÅKey Features
„ÄêAdvanced Motor, Continuous Power„ÄëThe cordless vacuum cleaner adopts a high-end brushless motor, delivering a true 280W high power with an effective suction of up to 25Kpa. It has multiple modes, allowing you to adjust the suction power according to the amount of dust, choosing the appropriate usage time and cleaning efficiency. The unique cyclonic filtration system ensures a longer-lasting suction power without fading.
„ÄêRemovable Large Battery, Longer Running Time„ÄëThe cordless vacuum cleaner has 7-cell large capacity battery, providing up to 55 minutes of cleaning time in the 1st mode (6.5kPa), and 12 minutes of deep cleaning in the maximum mode (25kPa). Three charging methods: ‚ë† Can be charged on the wall mount. ‚ë° Can be charged with an adapter. ‚ë¢ The battery can be removed and charged separately, providing more options.
„ÄêEfficient Filtration, Rejecting Secondary Pollution„ÄëThe cordless vacuum cleaner features a 5-level cyclonic separation system, efficiently separating dust and cleaning up to 99.99% of fine dust. An additional HEPA filter at the air outlet prevents odors and secondary pollution. The HEPA filter is recommended for regular cleaning and replacement, it's reusable. With a single click, the dust cup can be emptied without dirtying your hands.
„ÄêSimplified Large Screen, Easy to Use„ÄëThe cordless vacuum cleaner uses a simpler large screen to display key information about the battery and suction power. It is controlled by an intelligent chip and has a simple button design, making it easier to operate. It can be easily seen and used by both children and the elderly. Additionally, we provide an extra HEPA filter as a gift.
„ÄêFlexible Cleaning, More Convenient to Use„ÄëThe cordless vacuum cleaner adopts a folding tube design, making it easier to clean under tables and beds; the V-shaped BIG motorized brush + LED lighting leaves no place for dust to hide; the anti-static design at the handle makes cleaning safer. The wall-mounted charging design saves space (Note: The charging base can also be placed not on the wall)
üéÅWarranty & Service
Our products come with one-year-free warranty.
If any issues, please contact our customer service team, we will reply you within 24 hours."
https://www.walmart.com/ip/Moosoo-Powerful-Suction-Pet-Grooming-Vacuum-with-5-Dog-Grooming-Tools-for-Pets-Vacuum-for-Shedding-Grooming/397142217?classType=VARIANT&athbdg=L1400,"Moosoo Dog Grooming Kit, Powerful Suction Pet Grooming Vacuum with 5 Professional Grooming Tools for Cats Pets Vacuum, for Shedding Grooming",69.99,653846761675,"5-in-1 Professional dog grooming kit : 5 grooming tools to help your pet remove thick or loose hair, eliminate tangles, and restore your pet's coat to a soft, smooth. The package includes a Grooming Brush, Deshedding Brush, Electric Clipper, Crevice Tool, Triangular Comb.
Power Cord Storage & Hose Storage : The 15ft. retractable cord winds up quickly with the touch of a button, Avoid tangled power cords. Makes your vacuum storage more convenient and tidy. The hose can be wrapped around and secured to the back of the machine, Save storage space.
4 Comfortable Guard Combs : This pet grooming brush is super easy to use, equipped with 4 detachable guard combs (6mm/9mm/12mm/18mm) for clipping hair of different lengths. which are suitable for clipping/trimming hair of different lengths. You can choose the comfortable guard comb to get a lovely look for your pet.
Low Noise Design : Our pet grooming vacuum's noise is only 50 dB, which will not scare your dog or cat during grooming. The grooming kit has 3 suction levels to choose from(Max Mode: 12KPA/Middle Mode: 8KPA/Standard Mode: 6KPA), it will collect hair to the powerful dust cup effectively even if your pet has a thick coat.
Pull-out dust box : The professional grooming tools are equipped with a 1.3L dust cup. Empty the dust cup without hand touch. The dust box can be pulled out by pressing the button to avoid direct contact with dirt, which is convenient and hygienic.
Time and Money Saver : A pet grooming vacuum for shedding comes with everything you need to give your pooch a salon. You can DIY your pup‚Äôs haircuts instead of making monthly trips to the dog groomers. Best gift for your friends/family member/partner with pets."
https://www.walmart.com/ip/INSE-Cordless-Vacuum-Cleaner-6-in-1-Powerful-Suction-Stick-Vacuum-Cleaners-for-Home-Hardfloor-Carpet-Pet-Hai-S11-Pro/6810560793?classType=REGULAR,"INSE Cordless Vacuum Cleaner,6 in 1 Powerful Suction Stick Vacuum Cleaners for Home Hardfloor Carpet Pet Hai,S11 Pro",89.99,768649868480,"Newest INSE S11 Pro Vacuum Cleaner
Makes Your housework easier and makes your house cleaner.

Runtime: 60mins(Standard mode)/20mins(Max mode)
365W Upgrade Brushless Motor
30KPa Strong Suction
25.2V/2500mAh/7 cells Battery
High-efficient 5-Stage Filtration System
1.2L Large Capacity Dustbin
3 Powerful Suction Modes
Hands-Free Lock Key & Automatic Memory Function
Self-Standing & Wall bracket
150¬∞ Flexible LED Brush Head
6 Kinds of Combinations
65db Ultra-Quiet"
https://www.walmart.com/ip/Moosoo-Stick-Vacuum-Cleaner-Small-Corded-Vacuum-for-Hard-Floor-Carpet-LT450/770228916?classType=REGULAR&athbdg=L1400,"Moosoo Stick Vacuum Cleaner, Small Corded Vacuum for Hard Floor & Carpet - LT450",39.99,784139500302,"Moosoo LT450 lightweight corded stick vacuum cleaner gives you convenient and effective cleaning by quickly and easily converting into four different machines. This Small Stick Vacuum Cleaner is the most cost-effective vacuum cleaner.
4-in-1 Multiple Design
LT450 Stick Vacuum with a variety of accessories, handheld mode to be a 4-in-1 vacuum cleaner. No matter be small the aperture, the corner that still is sofa can solve easily. The handheld mode can clean the bed, sofa, desktop, etc. Meet your needs in life.
New-Generation 450W Motor
A vacuum cleaner is equipped with a powerful 450W motor. The upgrade version provides 15kpa powerful suction to meet every cleaning demand and picks up debris and dust, crumbs, and pet hairs in a minute. And ensure a relatively light cleaning experience, giving you a relaxed and comfortable day.
4 Stages Advanced Filtration System
Complete sealing design and high-density HEPA filter provide an excellent experience. Plus high-density HEPA removes up to 99.99% of microscopic dust particles as small as 0.1 microns. HEPA and cylinder filters are washable.
Super Long Cord
Stick Vacuum with 16.4 feet cord, can clean an area of 78.5 square meters and reduce the trouble of replacing the socket. Don't have to change sockets frequently or buy multiple vacuum cleaners. You don't have to worry about time, and a 16.4-foot rope doesn't look clunky.
What's included:
corded vacuum cleaner*1
floor brush*1
crevice tool*1
washable HEPA filter*1
hose*1
user manual*1"
https://www.walmart.com/ip/BISSELL-Power-Force-Helix-Pet-Deluxe-Bagless-Upright-Vacuum-with-Live-Wand-3334/678259898?classType=REGULAR,BISSELL Power Force Helix Pet Deluxe Bagless Upright Vacuum with Live Wand 3334,89.00,011120264555,"BISSELL¬Æ PowerForce¬Æ Pet Deluxe upright vacuum is lightweight, maneuverable and the perfect companion for cleaning debris and pet hair. Use the 12 ft Extension Wand to clean above floors or the included specialized Pet TurboBrush¬Æ Tool, Dusting Brush and the Crevice Tool to help clean upholstery, stairs and other hard-to-reach areas around your home. Plus, the filters are washable, meaning you don't have to replace them as often. BISSELL proudly supports BISSELL Pet Foundation¬Æ and its mission to help save homeless pets. When you buy a BISSELL¬Æ product, you help save pets, too. We‚Äôre proud to design products that help make pet messes, odors and pet homelessness disappear."
https://www.walmart.com/ip/BISSELL-PowerLifter-Swivel-Lift-Off-Pet-Upright-Vacuum-2920F/3663911046?classType=REGULAR&athbdg=L1300,BISSELL PowerLifter Swivel Lift-Off Pet Upright Vacuum 2920F,159.00,011120273465,"BISSELL¬Æ PowerLifter‚Ñ¢ Swivel Lift-Off¬Æ Pet is a lightweight pet vacuum designed to give pet parents a quick and convenient way to keep up with pet hair across multiple surfaces in their home. Its innovative Lift-Off¬Æ Technology features a removable canister, so you can easily clean those dry pet messes, like tracked-in dirt, spilled kibble and pet hair, everywhere. It's also engineered with our Tangle-Free Brush Roll, a SMARTSEAL¬Æ ALLERGEN SYSTEM to capture dust and allergens while cleaning, One Touch, Easy Empty‚Ñ¢ Tank, and on-board pet tools. And this vacuum doesn‚Äôt just clean up after pets, it helps save them, too! BISSELL proudly supports BISSELL Pet Foundation¬Æ and its mission to help save homeless pets. When you buy a BISSELL¬Æ product, you help save pets, too. We‚Äôre proud to design products that help make pet messes, odors and pet homelessness disappear."
https://www.walmart.com/ip/Cordless-Vacuum-Cleaners-450W-33KPa-Powerful-Touch-Display-Lightweight-for-Carpets-Floors-Pet-Hair-Honiture/3603537820?classType=REGULAR&athbdg=L1400,Cordless Vacuum Cleaners 450W 33KPa Powerful Touch Display Lightweight for Carpets Floors Pet Hair Honiture,119.99,N/A,"Introducing our premium cordless vacuum with custom fragrance diffusion. It offers a powerful 450W motor, adjustable suction levels, smart OLED display, large capacity, advanced filtration, long-lasting detachable battery, and versatile cleaning accessories. you can conveniently place it on tables and sofas when you need to take a break.

1. Powerful 450W Motor:Experience powerful suction with 3 adjustable levels up to 34000 Pa to thoroughly clean floors. The brushless motor is more durable, quieter and efficient.

2. Smart OLED Display:The OLED screen shows the status of your vacuum in real time, including battery level, suction power and filter alerts. Adjust suction with one touch.

3. Large Capacity and Advanced Filtration:A 1.5L dust cup and multi-stage HEPA filter capture 99.99% of particles for cleaner air. Replaceable filters. Empty less, clean more.

4. Long-Lasting, Detachable Battery:Clean for up to 55 minutes per charge with a detachable rechargeable lithium battery. Smart protection prevents overcharging and extends battery life. the bright LED light design, which illuminate the dark places

5. Versatile Cleaning and Accessories: Crevice tool, brush and telescopic wand clean hard-to-reach areas. Convenient wall mount for accessories. Clean carpets, hard floors, upholstery and more."
https://www.walmart.com/ip/INSE-S6P-Cordless-Vacuum-Cleaner-Up-to-90-Minutes-Run-time-Rechargeable-2-Batteries-Replaceable-for-Hardwood-Floor-Carpet-Pet/675885453?classType=VARIANT&athbdg=L1700,"INSE Lightweight Cordless Stick Vacuum Cleaner, 30Kpa Powerful Stick Vacuum for Carpet Pet Hair Hardfloor Home, V120 NEW",119.99,755419373428,"INSE 2024 New V120 Upgraded Stick Cordless Vacuum Cleaner

‚û§ 30Kpa Powerful Suction & 450W Brushless Motor
Equipped with upgraded brushless motors, strong suction power with 3 modes, up to 60 mins on eco mode, and 30 mins on max mode. Its perfect performance on hardwood floors, carpets, stairs, curtains, cars, furniture, etc. 60 dB peacefully cleaning with less disturbance to your families and pets
‚û§ Longer Runtime& Faster Charging
Powered by 2500mAh * 7 detachable battery, you can enjoy up to 60 mins runtime for your daily cleaning. The upgraded charging technology reduces the charging time to 3.5H. No need to wait for a long time, you can clean anytime you want
‚û§ Tangle Defender Brush
V120 stick vacuum comes with a unique tangle defender brush, which can effectively reduce hair entanglement and reduce your daily maintenance troubles. It is lightweight enough to carry up and down stairs with ease, and can easily be used as a handheld vacuum to lift up and clean curtains,etc
‚û§ 5 Stages High-Efficiency Filtration System
Stick vacuum is equipped with 5 stages fully-sealed filtration system with double cyclone, double high-efficiency filters, and patented airflow design, captures 99.99% of the microscopic dust, ensures stronger suction, and releases fresher air
‚û§ Larger LED Display
Smart Design shows real-time battery level and this cordless vacuum switches between 3 modes at your fingertip control. It also alerts you when the floor brush or air duct is blocked, or no installation of HEPAÔºàVery important, it will affect the life of motor)
‚û§ Flexible Motorized LED Floor Head
The stiff roller helps roll up the debris embedded in the carpets and the soft roller with anti-static fiber protects hard floors; an extra-wide motorized floor brush with a tangle-free design and big anti-scratch wheels provides easier cleaning, LED light illuminates every dark corner and helps to track dust"
https://www.walmart.com/ip/INSE-Cordless-Vacuum-Cleaner-30kPa-300W-Powerful-Suction-Stick-45min-Runtime-Rechargeable-Battery-Vacuum-8-in-1-Lightweight-Carpet-Hard-Floor-Pet-Hai/801929593?classType=VARIANT&athbdg=L1400,"INSE Cordless Vacuum Cleaner, 30kPa 300W Powerful Suction Stick Vacuum up to 45min Runtime, Rechargeable Battery Vacuum, 8-in-1 Lightweight Vacuum for Carpet Hard Floor Pet Hair",119.99,613965939065,"INSE cordless stick vacuum cleaner features 30kPa powerful suction with 300W advanced digital motor and upgraded filtration system. A 5-stage cyclone filtration system could better keep the waste inside the bin, separate the dust and dirt from the air, and release fresh air out, a bonus for allergies. INSE cordless vacuum cleaner has extra-wide motorized floor brush with 2 in 1 stiff and soft roller, can roll up the hair and debris embedded in the carpets and hard floors. The smooth anti-scratch wheels make your cleaning work easier. LED light illuminates every dark corner and helps to track dust. Self-standing design and compact wall-hanging design, which is effectively save space, and improve living comfort. Comes with multipurpose attachments to meet your various cleaning needs; perfect for carpet, hard floor, bed, pillow, rugs, cars, RV, pet, sofa, desk, stair, drawer, cabinet, windows, curtain and bookshelf, etc.
Specification: 30kPa Strong Suction Power, 300W advanced brushless digital motor, 2500 mAh Detachable Large Capacity Battery, High-efficient 5-Stage Filtration System, Flexible LED Brush Head, Wider Brush Head, 10 Kinds of Combinations, 65db Ultra-Quiet Mode, 1.2L Large Dust Cup.
Package includes: One Battery, Main motor (motor & dust cup), Motorized brush head, Long crevice, Wall mount, Roller brush, Mini Motorized brush head, 2-in-1 brush, Screws, Metal tube, Power Adapter, Cleaning gadget, User manual, One Extra Filter."
https://www.walmart.com/ip/VAVSEA-Steam-Mop-Floor-Steamer-with-4-Washable-Pads-Steam-Cleaner-for-Cleaning-Hard-Floors-Carpet/2550749753?classType=REGULAR&athbdg=L1700,"VAVSEA Steam Mop, Floor Steamer with 4 Washable Pads, Steam Cleaner for Cleaning Hard Floors, Carpet",69.98,611419536754,"VAVSEA steam mop provides the ultimate cleaning experience for most indoor cleaning scenarios! Experience the power of 257ÔøΩF high-temperature deep cleaning in just 20s! With 1200W, VAVSEA electric mop can perform an outstanding job on removing tough and dried-on stains that we all experience on floors and carpets, ideal for homes with kids and pets. The steam cleaner's flexible mop head reaches corners effortlessly, while the 16.4ft cord ensures no spot is missed."
https://www.walmart.com/ip/Bossdan-Vacuum-Cleaner-4-in-1-Cordless-Stick-Vacuum-Cleaner-with-Powerful-Suction-for-Hardwood-New/5126688956?classType=REGULAR&athbdg=L1600,"Bossdan Vacuum Cleaner, 4 in 1 Cordless Stick Vacuum Cleaner with Powerful Suction for Hardwood New",79.95,768534378360,"Bossdan Cordless Vacuum Cleaner offers a powerful suction with 150W advanced digital motor, effectively removing dirt and debris from various surfaces. With 2200mAh long-lasting battery providing over 35 minutes of runtime, clean large areas effortlessly.  Bossdan cordless stick vacuum cleaner LED light ensure no dust is missed, even under furniture or in low light conditions, can easy tackle any cleaning task, from carpets to hard floors. Experience a new level of cleaning efficiency with our Hyper Power Suction Cordless Vacuum today!
‚úÖ Hyper Power Suction -- Outfitted with the advanced brushless motor, this cordless vacuum boasts a 25% more powerful suction, making stubborn dirt and dust removal effortless.
‚úÖ Long-Lasting Runtime -- With a high-capacity 2200 mAh battery, this cordless vacuum provides up to 35 minutes of continuous cleaning, allowing you to clean your entire home without interruption.
‚úÖ 5-Stage Cyclone Filtration System -- The advanced cyclone filtration system captures and separates dust and dirt from the air, ensuring that only fresh air is released back into your home.
‚úÖ 4-in-1 Roller Brush -- The versatile 4-in-1 roller brush works on various surfaces from hard floors to curtains and carpets without needing any brush replacement. Adjustable 180¬∞swivel sideways and 90¬∞ up-down function easily clean in corners or hard-to-reach areas.
‚úÖ Convenient & Noiseless Operation -- This vacuum cleaner with super-light materials effectively reduces noise and offers a quiet cleaning experience. An ideal gift for family and  friends who value cleanliness and tranquility at home."
https://www.walmart.com/ip/Buture-Cordless-Stick-Vacuum-Cleaner-55mins-450W-38Kpa-with-Touch-Display-Stick-Vacuum-for-Home-Pet-Hair-CarPets-Hard-Wood-Floor-Detachable-Battery/995521579?classType=VARIANT&athbdg=L1900,Buture Cordless Stick Vacuum Cleaner 55mins 450W 38Kpa with Touch Display Stick Vacuum for Home Pet Hair CarPets Hard Wood Floor Detachable Battery,108.42,912695481814,"Cordless Stick Vacuum Cleaner with Touch Screen 6 in 1 High-performance Powerful Cordless Vacuum Cleaner:Cordless Stick Vacuum is latest and highest performance vacuum cleaners With LED touch screen,38KPA suction and 450W power,40-55 minutes long battery life,1.5L super large-capacity dust box and adjustable telescopic tube,it can bring excellent cleaning effect and pleasure shopping experience to every family.

The lightweight cordless vacuum cleaner is easy to operate and can be freely converted to a handheld vacuum clean up high low and narrow place:Upholstery furniture cars„ÄÅstairs„ÄÅbeds„ÄÅsofa„ÄÅkeyboard„ÄÅCarpet„ÄÅHardwood„ÄÅwood floor„ÄÅWood Laminate„ÄÅTile„ÄÅMarbleÔºåMultipurpose use vacuum cleaner Meeting different needs ."
https://www.walmart.com/ip/BISSELL-PowerForce-Pet-XL-Upright-Carpet-Cleaner-3748/5046917524?classType=REGULAR,BISSELL¬Æ PowerForce‚Ñ¢ Pet XL Upright Carpet Cleaner 3748,129.00,011120272734,"BISSELL¬Æ PowerForce‚Ñ¢ Pet XL upright carpet & upholstery cleaner is designed to help you save time and clean more than just your carpet. Clean hard-to-reach areas like stairs, pet beds, and furniture with the 3‚Äù Tough Stain Tool leaving your home refreshed in every area. Save cleaning time with the 10‚Äù clean path to cover more carpet! The 1-gallon clean tank is designed to ensure fewer refills for less trips to the sink. BISSELL¬Æ Advanced PRO MAX Clean & Protect Formula with StainProtect¬Æ Technology combined with our 4-Row DeepReach PowerBrush¬Æ to easily remove those tough pet stains, embedded dirt, and dander allergens that live within the carpet. Eliminate more than 90% of odor causing bacteria with BISSELL¬Æ Pet Stain & Odor + Antibacterial Formula leaving your carpets smelling fresh and odor-free. BISSELL proudly supports BISSELL Pet Foundation¬Æ and its mission to help save homeless pets. We're proud to design products that help make pet messes, odors and pet homelessness disappear."
https://www.walmart.com/ip/BUTURE-Cordless-Vacuum-Cleaner-450W-38KPA-55mins-Runtime-Lightweight-Cordless-Stick-Vacuum-LED-Display-for-Carpet-Floor-Pet-Hair/5074095785?classType=REGULAR&athbdg=L1400,"BUTURE Cordless Vacuum Cleaner 450W 38KPA 55mins Runtime, Lightweight Cordless Stick Vacuum LED Display for Carpet Floor Pet Hair",119.98,N/A,"Color Touch Screen Cordless Stick Vacuum Cleaner:
Enjoy a smarter cleaning experience with our lightweight vacuum. The adjustable color touch screen lets you choose from 3 cleaning modes. The high-efficiency cyclone and washable HEPA filter eliminate 99.97% of dust particles. With a 55-minute run time, you can clean your whole house. The upgraded 2-in-1 tangle-free roller handles carpets and hard floors effortlessly. It comes with accessories for customized cleaning. Perfect for pet owners. Simplify your cleaning routine with this versatile vacuum.

Included Components:
?Hepa filters(extra gifts)*2
?Vacuum Main Body
?2200mAh battery
?Tangle free roller brush
?Dust container
?Telescopic tube
?Crevice nozzle
?2-in-1 crevice tool
?Brush cleaning tool
?Wall mount and manual
?Charger"
https://www.walmart.com/ip/Cordless-Vacuum-Cleaner-33Kpa-400W-Lightweight-Stick-Vacuum-with-IQ-Display-Vacuum-Cleaner-for-Home-Hardwood-Floor-Carpet-Pet-Hair-Rechargeable/3085867000?classType=REGULAR&athbdg=L1400,"WLUPEL Cordless Vacuum,45mins Cordless Stick Vacuum with IQ Display Lightweight Vacuum for Hardwood Floor Carpet Pet Hair Home Rechargeable",99.99,N/A,"Cordless vacuum cleaner is equipped with 400W upgrade motors, providing a powerful 33KPA suction power to capture pet hair, cat litter, dirt and other chaotic debris whether on the carpet or floor. During the 45minutes of the vacuum cleaner's , the large -screen IQ LED display shows the readings of the remaining power in real time, and the status of floor brush."
https://www.walmart.com/ip/Bossdan-Vacuum-Cleaner-4-in-1-Cordless-Stick-Vacuum-Cleaner-with-Powerful-Suction-for-Hardwood-New/5122694084?classType=VARIANT&athbdg=L1900,"Bossdan Vacuum Cleaner, 4 in 1 Cordless Stick Vacuum Cleaner with Powerful Suction for Hardwood New",79.95,768534378339,"Bossdan Cordless Vacuum Cleaner offers a powerful suction with 150W advanced digital motor, effectively removing dirt and debris from various surfaces. With 2200mAh long-lasting battery providing over 35 minutes of runtime, clean large areas effortlessly.  Bossdan cordless stick vacuum cleaner LED light ensure no dust is missed, even under furniture or in low light conditions, can easy tackle any cleaning task, from carpets to hard floors. Experience a new level of cleaning efficiency with our Hyper Power Suction Cordless Vacuum today!
‚úÖ Hyper Power Suction -- Outfitted with the advanced brushless motor, this cordless vacuum boasts a 25% more powerful suction, making stubborn dirt and dust removal effortless.
‚úÖ Long-Lasting Runtime -- With a high-capacity 2200 mAh battery, this cordless vacuum provides up to 35 minutes of continuous cleaning, allowing you to clean your entire home without interruption.
‚úÖ 5-Stage Cyclone Filtration System -- The advanced cyclone filtration system captures and separates dust and dirt from the air, ensuring that only fresh air is released back into your home.
‚úÖ 4-in-1 Roller Brush -- The versatile 4-in-1 roller brush works on various surfaces from hard floors to curtains and carpets without needing any brush replacement. Adjustable 180¬∞swivel sideways and 90¬∞ up-down function easily clean in corners or hard-to-reach areas.
‚úÖ Convenient & Noiseless Operation -- This vacuum cleaner with super-light materials effectively reduces noise and offers a quiet cleaning experience. An ideal gift for family and  friends who value cleanliness and tranquility at home."
https://www.walmart.com/ip/Bossdan-Cordless-Vacuum-Lightweight-Stick-Vacuum-Cleaner-for-Hardwood-Floor-Quiet-Blue-New/1867084043?classType=VARIANT&athbdg=L1900,"Bossdan Cordless Vacuum, Lightweight Stick Vacuum Cleaner for Hardwood Floor, Quiet, Blue, New",69.95,659050871889,"Bossdan Cordless Vacuum Cleaner offers a powerful suction with 150W advanced digital motor, effectively removing dirt and debris from various surfaces. With 2200mAh long-lasting battery providing over 35 minutes of runtime, clean large areas effortlessly.  Bossdan cordless stick vacuum cleaner LED light ensure no dust is missed, even under furniture or in low light conditions, can easy tackle any cleaning task, from carpets to hard floors. Experience a new level of cleaning efficiency with our Hyper Power Suction Cordless Vacuum today!
‚úÖ Hyper Power Suction -- Outfitted with the advanced brushless motor, this cordless vacuum boasts a 25% more powerful suction, making stubborn dirt and dust removal effortless.
‚úÖ Long-Lasting Runtime -- With a high-capacity 2200 mAh battery, this cordless vacuum provides up to 35 minutes of continuous cleaning, allowing you to clean your entire home without interruption.
‚úÖ 5-Stage Cyclone Filtration System -- The advanced cyclone filtration system captures and separates dust and dirt from the air, ensuring that only fresh air is released back into your home.
‚úÖ 4-in-1 Roller Brush -- The versatile 4-in-1 roller brush works on various surfaces from hard floors to curtains and carpets without needing any brush replacement. Adjustable 180¬∞swivel sideways and 90¬∞ up-down function easily clean in corners or hard-to-reach areas.
‚úÖ Convenient & Noiseless Operation -- This vacuum cleaner with super-light materials effectively reduces noise and offers a quiet cleaning experience. An ideal gift for family and  friends who value cleanliness and tranquility at home."
https://www.walmart.com/ip/Microfiber-Steam-Washable-Reusable-Mop-Pads-Shark-Vacuum-Cleaner-S1000-S1000A-S1000C-S1000WM-S1001C/176860863?classType=VARIANT&athbdg=L1400,"Microfiber Steam Washable Reusable Mop Pads,Shark Vacuum Cleaner S1000/S1000A /S1000C/S1000WM/S1001C",11.99,737745639881,"Compatible with Shark Steam Mop S1000 S1000A S1000C S1000WM S1001C. The replacement pads can be washable, reusable, strong water absorption. Tiny micro-fibers to loosens and lifts locked-in dirt while your steam mop cleans. The steam mop pads are easy to clean, long-lasting, dry fast, germ-proof. The replacement pad has a strong cleaning force for all sealed hard floors. It is great for your daily cleaning of the house, kitchen, and office floor cleaning. Size: 12.2 x 6.89inch/31 x 17.5cm Package Includes: 6/3 x Steam Mop Pads"
https://www.walmart.com/ip/Moosoo-17000PA-Strong-Suction-Stick-Vacuum-23Ft-Cord-Vacuum-For-hard-floor/432043553?classType=REGULAR&athbdg=L1400,"Moosoo 17000PA Strong Suction Stick Vacuum Cleaner, 23Ft Cord Vacuum For hard floor",49.99,653846760869,"2 Modes Selective: A red button is designed for different cleaning requirements: button upward, good for normal floor cleaning tasks; button downward, the hard brush and soft rubber will drop down, perfect for deeper cleaning.ÔºàNot suitable for working on carpetsÔºâ
17Kpa Powerful Suction
Moosoo corded stick vacuum Perfect for marble, tile and hardwood floors, pick up all debris, such as cat litter, dog food crumbs, and pet hair. 23FT super long power cord, clean every corner as you like. the best choice for home and office cleaning.
Adjustable Tube
19-31 inches adjustable length, retractable tube allows you to freely adjust the length to meet your different needs. easy to reach 10 feet high, such as ceilings and vents, etc.
Rotatable Brush Head
The brush head is easy to control, feel free to control the direction you want. Flexible joints could free to clean the dirt under the furniture and bed and clean up dead corners.
4 Stages Advanced Filtration System
It consists of cyclone filtration, cylinder filtration, high-efficiency filtration, and sponge filtration. It can capture 99.99% of tiny dust and bacteria, providing every user with the ultimate air purification and excellent cleaning experience. HEPA and canister filters are washable.
Lightweight & Multi-Versatile Attachments
weighs only 4.11 pounds, the vacuum cleaner can be operated with one hand relaxing and is easy to clean from the floor and high places.
What you will get
-Main Motor
-Rotatable Brush Head
-Instruction Manual
-Wall Mount Tool
-Extra HEPA Filter
-Cleaning Brush
-Crevice Nozzle
-Adjustable Extension Tube
-Flexible Hose"
https://www.walmart.com/ip/Dyson-V15s-Detect-Submarine-Absolute-Wet-Dry-Vacuum-Cleaner-Gold-New/5312261954?classType=REGULAR,Dyson V15s Detect Submarine‚Ñ¢ Absolute Wet & Dry Vacuum Cleaner | Gold | New,799.99,885609031576,"The Dyson V15s Detect Submarine is engineered with the power, intelligence, versatility, and run time to deep clean your whole home. Now with three cleaner heads for all-in-one cleaning. The Submarine‚Ñ¢ cleaner head washes hard floors and removes wet and dry debris simultaneously. The Fluffy Optic‚Ñ¢ cleaner head reveals invisible dust on hard floors. The de-tangling Digital Motorbar‚Ñ¢ cleaner head deep cleans carpets and hard floors without tangles and adapts suction power to floor type.¬π A piezo sensor intelligently optimizes power and run time based on the debris picked up, reporting it all on the LCD screen.¬π The versatile cordless format transforms into a handheld vacuum with one click so you can clean up high, down low, and everywhere in between. Comes with a 2-year warranty and lifetime Dyson support. ¬πAccuracy may vary. Best accuracy in Auto mode. Auto ramp feature in Auto mode only.

In the box: Submarine‚Ñ¢Ô∏è Wet Roller Head, Digital Motorbar‚Ñ¢ cleaner head, Fluffy Optic‚Ñ¢ cleaner head, Combination tool, Built-in dusting and crevice tool, Hair screw tool, Drip tray, Charger, Docking station."
https://www.walmart.com/ip/INSE-S9-Cordless-400W-Stick-Vacuum-Cleaner-with-30Kpa-Powerful-Suction-LED-Display/1287184255?classType=VARIANT&athbdg=L1900,"INSE Cordless Vacuum Cleaner, 55min Max Runtime, 400W/30Kpa Rechargeable Stick Vacuum with LED Display, 4 Suction Modes with Smart Adjustment Handheld Vacuum Cordless for Carpet Floor Pet Hair",89.99,768649864222,"Upgraded Latest INSE S9 Cordless Vacuum Cleaner

Makes housework easier and makes your house cleaner. Enjoy Smart and Convenient Life!

* 4 Suction Modes & Smart Cleaning
* Stylish 3-Color Ring Light to detect power status
* 2 Tailored Roller Brushes meet clean need of different ground
* Up to 55 minutes long-lasting runtime
* 30KPa/150AW Powerful Deep Cleaning
* 2200mAh Rechargeable and Detachable Battery
* Wider Cleaning Path and new Anti-Entangled Design
* Upgraded 5-Layer Filtration System: captures 99.99% of fine dust
* Flexible LED light brush head with rotated by 90¬∞/165¬∞, deep clean every corner
* One-Button Dust Empty: easy and convenient
* LED Display screen to easily check battery level, suction modes
* Edge Cleaning design could reach corners and edges for complete clean"
https://www.walmart.com/ip/BISSELL-Pet-Stain-Eraser-PowerBrush-Plus-Portable-Carpet-Cleaner-2846/795611428?classType=REGULAR&athbdg=L1700,"BISSELL¬Æ Pet Stain Eraser‚Ñ¢ PowerBrush Plus Portable Carpet Cleaner, 2846",89.00,011120254617,"Pet Stain Eraser‚Ñ¢ PowerBrush Plus portable carpet cleaner is always ready to remove tough pet messes, so it's great for families in that little mess maker phase of pet parenthood. We engineered it with a powerful rotating DirtLifter¬Æ PowerBrush to loosen, lift and remove tough pet stains. This cordless machine has a lithium-ion battery, so you get an extended run time. Plus, unlike other portable carpet cleaners, you can store the formula right in this machine's tank when it's not in use, so there's no hassle and no mixing the formula with water."
https://www.walmart.com/ip/Resolve-Ultra-32-oz-Stain-Odor-Remover-For-Pet-Messes/859236049?classType=REGULAR,"Resolve Ultra Pet Stain & Odor Remover, 32oz, Discourages Resoiling",9.46,019200993050,"At Resolve, we love our furry friends as well & we understand that keeping your carpets clean can be challenging. Resolve Ultra Urine Stain & Odor Eliminator, for Pet Messes Helps you take care of these accidents. Pentrates Deep, to break down, lifts & permanently removes tough urine stains Powerful Odor Stop Technology: Permanently Elimnate urine odors Discourages Pet Re-soiling Freshens with a light, clean scent. Oxi & Odor Stop Technology"
https://www.walmart.com/ip/Tineco-Cordless-Floor-Washer-Wet-Dry-Multi-Surface-Cleaner-iFloor-3-White-Grey/938589644?classType=REGULAR&athbdg=L1700,Tineco iFloor 3 Cordless Wet/Dry Vacuum and Floor Washer for Hard Floors - White,199.99,194846100021,"iFLOOR 3 saves you time by combining two chores ‚Äì vacuuming and mopping ‚Äì in one step, leaving you with shiny, clean floors. Pick up messy, sticky spills and pet hair on all sealed hard floors like hardwood, tile, laminate, vinyl, marble, and linoleum. iFLOOR 3 features up to 25 minutes of battery life and powerful suction to tackle tough messes or everyday floor cleaning. With iFLOOR 3, floors dry quickly and streak-free, so you won‚Äôt have to worry about waiting for floors to dry. Its dual tank technology guarantees that you‚Äôre always cleaning with fresh water, not just pushing around dirty water like a traditional mop. Once you‚Äôre done cleaning, place iFLOOR 3 in the charging base and press the self-clean button. It runs a self-cleaning cycle to clean the roller brush and the internal tubes without touching a dirty roller brush."
https://www.walmart.com/ip/ONSON-Robot-Vacuum-Cleaner-2-in-1-Robot-Vacuum-and-Mop-Combo-With-WIFI-Connection-For-Pet-Hair-Hard-Floor/929330329?classType=REGULAR&athbdg=L1900,"ONSON Robot Vacuum Cleaner, 2 in 1 Mop Combo for Pet Hair, Hard Floor",94.94,679265578489,"‚úÖ Vacuum and Mop Combo
The capacity dustbin can hold more garbage, no need to worry when cleaning. After vacuuming, the 230ML water tank can help you mop the floor.

‚úÖ Alexa and Google assistant control
The Tuya APP can realize the schedule cleaning and voice control . (2.4GHz Wi-Fi Only,not support 5G)

‚úÖ Zig zag cleaning route

Get rid of the traditional random route, cleans every corner in comprehensive.

‚úÖ 1400 PA Powerful Suction:

Two levels suction adjustment, robot vacuum can pick up the debris smoothly

‚úÖ Cleaning mode upgrade:

Spot Cleaning, Edge Cleaning, Manual Cleaning, instead of traditional roller Cleaning mode, using brushless suction inlet to save time on tangled hair.

‚úÖ Intelligent detection sensor

Anti-drop sensor technology prevents robot vacuum cleaner falls down from stairs.Infrared sensor technology avoid the collision with the objects.

‚úÖ Professional After-sales

Robotic vacuum cleaners offers 36 months warranty, We will reply your question within 24 hours.

‚úÖ Robot vacuum cleaners and Mop Specification

Control Features: Start/Pause/Manual Cleaning/Spot Cleaning/Spot Cleaning, Edge Cleaning,
Suction and water flow control, etc
Main body dimension: 11.8*11.8*2.75 inch
‚úÖ NET WEIGHT : 5.51 IB
Cleaning Area/Time: 1290sqft / 120 mins
Dustbin Capacity: 0.2 L
Water Tank Capacity: 0.25 L
Climbing Ability: 0.63 in
Battery Capacity: Lithium Battery 2500mAh
Control Methods: APP and Remote Control/ ‚û§What's included in box
1x Robot Vacuum
1x Charging Dock
2x Side Brush
1x Remote Control
1x Power Adapter
1x Dustbin
1x User Manual
1x Cleaning Brush
1x 230ml Watertank (With Washable Mopping Cloth)
‚û§ONSON robot vacuum makes your life more happy
Are you still using the handheld mop to clean you house daily? Are you still feel distressful for cleaning the pet hair and litter?
our robot vacuum cleaner and mop will solve these problem, brings a cozy lifestyle to you.

Click Here for More Mop for BR151 and BR150 Click Here for More side brush and fliter for BR150 and BR151
„Äê‚ö†General Notes„Äë:
1.Please read manual carefully before using the robot vacuum cleaners and mop for carpet and hard floor
2. The default cleaning path of the robot vacuum and mop combo is a random path.
3. This model of robot vacuum cleaner can not work on long tassel carpet.
„Äê‚ö†Precautions for Vacuuming and Mopping„Äë:
1. If the robot vacuum cleaner has low suction power or the mopping cloth does not output water, please check whether the second suction mode is turned on with the remote control.
2. The mopping and vacuum function not suitable on the carpet. Please remove the mop holder in advance before cleaning the carpet. Please avoid carpet tassels entwining the wheels of the robotic vacuum cleaner."
https://www.walmart.com/ip/BISSELL-Pet-Stain-Eraser-Plus-Portable-Carpet-Cleaner-3182/1975501628?classType=REGULAR&athbdg=L1700,BISSELL¬Æ Pet Stain Eraser‚Ñ¢ Plus Portable Carpet Cleaner 3182,69.00,011120261912,"BISSELL¬Æ Pet Stain Eraser‚Ñ¢ cordless portable carpet cleaner is always ready to tackle tough pet messes on the go, making it perfect for families with little mess makers. Loosen, lift and remove tough pet stains with the cordless convenience of a lithium-ion battery. Unlike other portable carpet cleaners, this machine allows you to store the included OXY formula in the tank when it's not in use. Plus, there's no water required, no mixing and no hassle. Enjoy grab-and-go cleaning for pet messes and other stains on carpet, stairs, upholstery, area rugs, car interiors, and more, right when they happen. Plus, every purchase helps save pets. BISSELL proudly supports BISSELL Pet Foundation¬Æ and its mission to help save homeless pets. We‚Äôre proud to design products that help make pet messes, odors and pet homelessness disappear."
https://www.walmart.com/ip/INSE-Cordless-Vacuum-Cleaner-6-in-1-Rechargeable-Stick-2200-mAh-Battery-20kPa-Powerful-Lightweight-Cleaner-45-Mins-Runtime-Home-Hard-Floor-Carpet-Pet/434964723?classType=VARIANT&athbdg=L1900,"INSE Cordless Vacuum Cleaner, 6-in-1 Rechargeable Stick Vacuum with 2200 mAh Battery, 20kPa Powerful Lightweight Vacuum Cleaner up to 45 Mins Runtime, for Home Hard Floor Carpet Pet Hair",72.99,613965939126,"INSE cordless vacuum cleaner features 180W upgraded motor, provides 20kPa strong suction on max mode, captures pet hair, cat litter, pet food, and other messes on the hardwood floor, low-pile carpet, stairs, bed, curtain, furniture, car, RV, etc.. 2200 mAh high-capacity battery provides 45mins long-lasting runtime. The battery can be removed from the machine and charged on its own. And the upgraded brush head, 1.2L extra large dustbin and upgraded filtration system make cleaning more efficient and convenient. Comes with multipurpose attachments to meet your various cleaning needs. Our cordless vacuum also generates less heat and less noise (65db) to offer a quiet cleaning environment.
What You Get: One Extra HEPA Filter, Battery, 2-in-1 brush, Long crevice, Power Adapter, metal tube, Wall mount with screws, Main motor (motor & dust cup), Cleaning gadget with blade and brush, Motorized brush head with Roller Brush, User Manual.

INSE Cordless Vacuum Cleaner, 6-in-1 Rechargeable Stick Vacuum with 2200 mAh Battery, Powerful Lightweight Vacuum Cleaner, up to 45 Mins Runtime, for Home Hard Floor Carpet Pet Hair, Red:"
https://www.walmart.com/ip/BISSELL-CrossWave-HF3-Cordless-Multi-Surface-Wet-Dry-Vac-3649A/2589771605?classType=REGULAR&athbdg=L1700,BISSELL CrossWave HF3 Cordless Multi-Surface Wet Dry Vac 3649A,159.00,011120270983,"BISSELL?? CrossWave?? HF3 Cordless multi-surface wet dry vacuum saves time by combining two cleaning steps in one, vacuuming and washing at the same time. Enjoy easier cleaning with self-propelled steering and automatic formula dispensing in just the right amount onto floors using High or Low mode while cleaning. CrossWave?? HF3 Cordless wet dry vac tackles both wet and dry messes across multiple sealed hard floor surfaces in your home, including wood, tile, linoleum, and laminate. Plus, when you buy a BISSELL product, you help save pets, too. BISSELL proudly supports BISSELL Pet Foundation?? and its mission to help save homeless pets. We're proud to design products that help make pet messes, odors and pet homelessness disappear."
https://www.walmart.com/ip/Ecovacs-OZMOX2M-Robotics-DEEBOT-X2-OMNI-Robot-Vacuum-Mop-With-Self-Cleaning-Auto-Empty-Station-Black/5000131451?classType=REGULAR,ECOVACS DEEBOT X2 OMNI Robot Vacuum and Spinning Mop with Automatic Mop Lifting and Cleaning Station,"1,249.99",850035395936,"The ECOVACS DEEBOT X2 OMNI robot cleaner is a giant leap forward for robot vacuums. This robot vacuum cleaner has a slimmer square-shaped design that offers better edge cleaning, cornering, and maneuvering under low clearance areas and around obstacles. Add in automatic mop lifting and enhanced learning capability, and you'll quickly discover why it's able to go where no robot vacuum has gone before. Automatic mop lifting provides seamless switching between carpet and hard floors, so you can clean more of your home with just a single robot vacuum. This vacuum mop's powerful 8,000 PA suction power means even small debris won't escape its cleaning power. The industry-first dual-laser LiDAR navigation is fully enclosed into the body of the DEEBOT. This gives the DEEBOT X2 OMNI a sleek low profile along with faster mapping, quicker responsiveness, and greater cleaning accuracy. When your floors are sparkling clean, your robot vacuum and mop returns to its OMNI station to empty the dustbin, wash its mop with hot water, and dry it with hot air. Keeping your floors, and your to-do list, clean."
https://www.walmart.com/ip/ONSON-Portable-Carpet-Cleaner-Machine-Spot-Vacuum-Cleaner-for-Pet-Car-Seat-Upholstery-New/5256488120?classType=REGULAR&athbdg=L1700,"ONSON Portable Carpet Cleaner Machine, Upholstery Spot Vacuum Cleaner for Pet, Couch, Car Seat, 11Kpa Strong Suction, 450W Powerful Motor, New",99.99,768531644666,"Portable carpet cleaner machine up to 11Kpa Powerful Suction
3-in-1 clean tool and spraying crevice tool to tackle large areas and tight spaces.
Powerful detergent formula to tackle pet messes. Removes set-in stains and eliminates nasty odors like pet urine.
Widely used in various scenarios, especially for car seat cushions, car trunk, and indoor cleaning.
Lightweight portable vacuum cleaner for car seat and pets
SUPER SUCTION: The portable carpet cleaner machine features a 450W motor, providing a powerful suction of 11Kpa. This high suction power allows this cleaner to effectively and deeply handle various stains and stubborn dirt, such as dust on sofa covers. Additionally, the spot cleaner is equipped with a strong pet suction system, ensuring that carpets dry quickly after cleaning. This vacuum cleaners helps restore your carpets to their normal state swiftly, promoting a healthier and safer home environment.
WIDE APPLICATION RANGE: The upholstery cleaner machine is specifically designed for fabric cleaning, making vacuum cleaner highly versatile and capable of effectively cleaning a wide range of fabric products that cannot be cleaned as a whole. Whether you need to clean sofa, mattress, car seat, or even pet-related items, this portable cleaner machine is equipped to handle them all. With two different sizes of brush heads, spot cleaner machine can adapt to different cleaning requirements and ensure a thorough cleaning of various fabric surfaces.
DUAL WATER TANK SYSTEM: The vacuum cleaner machine possesses a separate 0.8L sewage tank and 1.8L clean water tank, providing convenient storage for both. This design of the cleaning machine allows for easy disassembly of the water tank, making it effortless to fill, drain, and clean. It's important to note that the water volume in the sewage tank should not exceed the MAX line to prevent any potential suction issues with the carpet cleaner.
SPACE EFFICIENT: The carpet cleaner machine is designed to be lightweight, weighing only 9.3 pounds, and has a compact size of 0.076 mÔøΩ, which makes this cleaner machine easy to store in small spaces, such as under a sink or in a closet, without taking up too much room in your home. This compact design of portable vacuum cleaner ensures that it won't be a burden on your storage space, while still providing powerful cleaning capabilities.
PORTABLE CARPET CLEANING: The upholstery cleaner machine with an ultra long hose (3.57ft) and power cord (16.4ft) and the carpet cleaner is lightweight and easy to move from one cleaning job to the next.
WARRANTY: For more product details, please read the product manual carefully. we will be responsible for any product quality problems during the warranty period (3 year),please contact us."
